source,created_at_local,pick_up_latitude,pick_up_longitude,drop_off_latitude,drop_off_longitude,city,fare,pick_up_distance,state
ADR,2013-09-22 23:46:18,14.604348000000002,120.998654,14.537370000000001,120.994423,Metro Manila,281.875,0.389894,CANCELLED
T47,2013-11-04 3:51:59,14.590098999999999,121.082645,14.508610999999998,121.019444,Metro Manila,413.125,2.2097700000000002,COMPLETED
T47,2013-11-21 5:21:24,14.582707000000001,121.061458,14.537752,121.001379,Metro Manila,277.5,2.7029099999999997,COMPLETED
ADR,2013-09-16 20:53:34,14.585811999999999,121.060171,14.575915,121.08548700000001,Metro Manila,220.625,0.321403,CANCELLED
IOS,2013-09-10 23:49:16,14.552010000000001,121.05126000000001,14.63021,120.99592,Metro Manila,378.125,0.667067,COMPLETED
T47,2013-11-12 21:26:18,14.589394,121.059928,14.444545999999999,120.993874,Metro Manila,505.0,0.289595,COMPLETED
IOS,2013-11-16 18:27:06,14.58645,121.04887,14.63925,121.03681,Metro Manila,229.375,1.54755,COMPLETED
T47,2013-09-21 9:47:03,14.588782,121.09731699999999,14.583526,121.05698000000001,Metro Manila,211.875,2.91636,COMPLETED
IOS,2013-08-28 18:37:49,14.606879999999999,121.08063,14.619470000000002,121.08618,Metro Manila,163.75,0.854165,COMPLETED
IOS,2013-12-18 16:14:03,14.580729999999999,121.05603,14.585679999999998,121.07864,Metro Manila,176.875,0.7139840000000001,COMPLETED
T47,2013-10-09 21:09:54,14.606341,121.07220600000001,14.65073,121.102855,Metro Manila,255.625,2.13367,COMPLETED
IOS,2013-09-27 19:07:23,14.5867,121.06216,14.55264,121.02508999999999,Metro Manila,220.625,0.475091,COMPLETED
IOS,2013-12-06 22:54:56,14.520660000000001,121.0136,14.579229999999999,121.024,Metro Manila,238.125,1.9740099999999998,COMPLETED
IOS,2013-10-11 22:12:15,14.551839999999999,121.02193999999999,14.57944,121.03591999999999,Metro Manila,207.5,0.484101,COMPLETED
IOS,2013-09-23 17:37:21,14.55287,121.0471,14.55096,121.0233,Metro Manila,190.0,0.941629,COMPLETED
IOS,2013-09-01 12:08:12,14.5764,121.03971999999999,14.552010000000001,121.05126000000001,Metro Manila,216.25,1.29251,CANCELLED
IOS,2013-09-19 12:30:30,14.55585,121.02356999999999,14.55083,121.0542,Metro Manila,203.125,0.22764299999999998,COMPLETED
ADR,2013-10-03 13:51:14,14.551341,121.016678,14.549732,121.02677,Metro Manila,168.125,0.638074,COMPLETED
IOS,2013-09-28 0:25:21,14.552129999999998,121.02282,14.61825,120.98596,Metro Manila,312.5,1.78689,COMPLETED
ADR,2013-09-09 7:50:42,14.561096,121.07660700000001,14.592875,121.028582,Metro Manila,255.625,3.4244800000000004,CANCELLED
ADR,2013-09-13 22:36:32,14.554808999999999,121.04763100000001,14.574944,120.98493799999999,Metro Manila,308.125,0.647543,COMPLETED
IOS,2013-09-18 10:39:33,14.57301,121.07686000000001,14.570129999999999,121.04709,Metro Manila,225.0,2.10955,COMPLETED
IOS,2013-09-18 19:53:27,14.58175,121.06103,14.54013,120.99826999999999,Metro Manila,290.625,0.7570279999999999,COMPLETED
IOS,2013-09-11 7:24:55,14.57034,121.05617,14.583879999999999,121.05693000000001,Metro Manila,176.875,1.0036399999999999,COMPLETED
IOS,2013-09-10 22:07:32,14.553170000000001,121.02571999999999,14.57751,121.03378000000001,Metro Manila,207.5,0.6434529999999999,COMPLETED
IOS,2013-08-29 12:37:28,14.54224,121.0264,14.55495,121.01552,Metro Manila,168.125,1.09464,COMPLETED
T47,2013-09-14 2:04:46,14.567198000000001,121.092266,14.508610999999998,121.019444,Metro Manila,338.75,2.18035,COMPLETED
T47,2013-09-05 5:14:32,14.575373999999998,121.09109199999999,14.554729,121.024445,Metro Manila,273.125,0.407294,CANCELLED
ADR,2013-10-18 18:41:19,14.576376999999999,121.08510600000001,14.663866,120.94486100000002,Metro Manila,474.375,3.66117,COMPLETED
IOS,2013-09-29 19:50:16,14.5813,121.05799999999999,14.60955,121.0468,Metro Manila,211.875,0.700703,COMPLETED
IOS,2013-10-29 17:34:46,14.5764,121.085,14.58164,121.05819,Metro Manila,216.25,2.52053,CANCELLED
IOS,2013-09-19 7:27:13,14.55083,121.0542,14.66588,121.0894,Metro Manila,382.5,0.576761,CANCELLED
IOS,2013-11-16 4:13:32,14.5607,121.02021,14.51955,121.0138,Metro Manila,268.75,0.26669,COMPLETED
T47,2013-10-22 16:05:44,14.553006,121.05213,14.608854999999998,121.07978899999999,Metro Manila,255.625,0.701896,COMPLETED
T47,2013-11-17 14:53:51,14.582707000000001,121.061458,14.554729,121.024445,Metro Manila,211.875,0.549624,COMPLETED
T47,2013-10-29 8:18:51,14.579444,121.035917,14.554729,121.024445,Metro Manila,220.625,3.04088,COMPLETED
IOS,2013-10-14 6:51:12,14.617220000000001,121.06307,14.55473,121.02445,Metro Manila,299.375,0.902487,COMPLETED
IOS,2013-09-30 22:52:08,14.51955,121.0138,14.58645,121.04887,Metro Manila,334.375,0.930853,COMPLETED
T47,2013-09-22 18:35:53,14.554729,121.024445,14.516241,120.98548100000001,Metro Manila,260.0,1.10699,COMPLETED
IOS,2013-12-23 15:31:52,14.55776,121.10373,14.583860000000001,121.05712,Metro Manila,225.0,0.41597,CANCELLED
T47,2013-09-17 3:12:44,14.571270000000002,121.099476,14.508610999999998,121.019444,Metro Manila,373.75,2.0813200000000003,COMPLETED
VNU,2013-12-29 17:35:15,14.549732,121.02677,14.517617999999999,121.05086399999999,Metro Manila,203.125,0.0564028,COMPLETED
ADR,2013-09-10 7:36:10,14.526282,121.042728,14.558117000000001,121.016979,Metro Manila,268.75,1.3610799999999998,COMPLETED
IOS,2013-10-02 6:06:19,14.670020000000001,121.04605,14.555420000000002,121.01563,Metro Manila,456.875,0.560846,COMPLETED
IOS,2013-09-08 13:58:18,14.59399,121.10122,14.583860000000001,121.05712,Metro Manila,225.0,1.31195,COMPLETED
IOS,2013-10-14 20:27:19,14.546579999999999,121.03437,14.577020000000001,121.05008000000001,Metro Manila,225.0,1.0097,COMPLETED
IOS,2013-09-08 23:11:52,14.506870000000001,121.00403,14.51955,121.0138,Metro Manila,207.5,0.379175,COMPLETED
ADR,2013-09-12 7:58:23,14.484485000000001,120.994899,14.594508,120.97700800000001,Metro Manila,343.125,4.91656,COMPLETED
IOS,2013-09-16 7:49:51,14.56351,121.01006000000001,14.58167,120.98442,Metro Manila,229.375,1.42916,CANCELLED
ADR,2013-09-04 12:49:05,14.620332000000001,121.067353,14.610420999999999,121.080037,Metro Manila,185.625,0.41653,CANCELLED
ADR,2013-09-20 20:42:07,14.599629,121.04925300000001,14.585837,121.059294,Metro Manila,168.125,3.2233099999999997,CANCELLED
IOS,2013-10-08 17:53:38,14.556479999999999,121.02228999999998,14.55291,120.9801,Metro Manila,220.625,0.142734,COMPLETED
IOS,2013-10-01 19:06:02,14.572970000000002,120.98816000000001,14.54985,121.04731000000001,Metro Manila,312.5,2.5406299999999997,COMPLETED
IOS,2013-09-24 18:16:41,14.663520000000002,121.08412,14.610420000000001,121.08004,Metro Manila,268.75,5.16029,CANCELLED
IOS,2013-08-28 10:37:22,14.57301,121.07686000000001,14.5509,121.05358000000001,Metro Manila,216.25,3.3271599999999997,CANCELLED
IOS,2013-09-02 13:41:00,14.554070000000001,121.04838000000001,14.55,121.03333,Metro Manila,181.25,0.279559,CANCELLED
IOS,2013-09-20 19:35:36,14.5622,121.01943999999999,14.58164,121.05819,Metro Manila,207.5,1.7658099999999999,COMPLETED
VNU,2013-11-05 15:45:07,14.549732,121.02677,14.537751,121.001379,Metro Manila,185.625,0.0958919,COMPLETED
IOS,2013-09-23 7:34:01,14.571720000000001,121.04983999999999,14.55666,121.02439,Metro Manila,216.25,1.8831099999999998,COMPLETED
IOS,2013-10-17 9:10:22,14.57216,121.02972,14.57956,121.04538000000001,Metro Manila,172.5,0.608247,COMPLETED
IOS,2013-10-04 19:15:51,14.58584,121.05928999999999,14.55171,121.02727,Metro Manila,216.25,1.62199,CANCELLED
ADR,2013-09-16 8:19:05,14.563445999999999,121.038366,14.557376000000001,121.015098,Metro Manila,198.75,2.3731299999999997,COMPLETED
IOS,2013-09-12 17:49:27,14.55708,121.02118999999999,14.5212,121.06217,Metro Manila,273.125,0.0930445,CANCELLED
IOS,2013-09-30 8:48:43,14.55795,121.00376000000001,14.553460000000001,121.02248999999999,Metro Manila,168.125,0.7946489999999999,COMPLETED
ADR,2013-09-21 15:21:57,14.565287,121.028072,14.558851999999998,121.023075,Metro Manila,159.375,2.3999099999999998,COMPLETED
IOS,2013-09-17 9:22:04,14.57422,121.04198000000001,14.583860000000001,121.05712,Metro Manila,190.0,0.716697,CANCELLED
IOS,2013-09-01 12:25:37,14.577810000000001,121.00013,14.509770000000001,121.01326,Metro Manila,299.375,3.6521199999999996,COMPLETED
VNU,2013-11-05 19:46:56,14.549732,121.02677,14.554729,121.024445,Metro Manila,150.625,0.114531,COMPLETED
IOS,2013-09-30 17:30:53,14.59066,121.03376000000002,14.5608,121.01641000000001,Metro Manila,268.75,0.9434969999999999,COMPLETED
IOS,2013-10-27 19:09:56,14.6006,121.02797,14.60206,121.0485,Metro Manila,181.25,0.48629399999999995,COMPLETED
VNU,2013-12-16 16:10:14,14.549732,121.02677,14.554729,121.024445,Metro Manila,150.625,0.270427,COMPLETED
IOS,2013-08-31 15:21:01,14.61856,121.04269,14.54964,121.0514,Metro Manila,325.625,2.44104,COMPLETED
ADR,2013-10-01 15:49:45,14.588377,121.063294,14.559256,121.01806100000002,Metro Manila,264.375,0.221565,COMPLETED
IOS,2013-12-11 14:04:05,14.61501,121.06313,14.63485,121.10388999999999,Metro Manila,211.875,1.02054,COMPLETED
IOS,2013-09-06 17:31:24,14.58257,121.05966000000001,14.599639999999999,121.0564,Metro Manila,181.25,0.254203,COMPLETED
IOS,2013-09-14 11:08:42,14.581570000000001,121.04733999999999,14.580689999999999,121.05537,Metro Manila,172.5,1.38649,COMPLETED
IOS,2013-09-20 8:11:49,14.57216,121.02972,14.60769,121.0786,Metro Manila,233.75,0.481283,COMPLETED
VNU,2013-12-15 21:04:36,14.549732,121.02677,14.676041,121.0437,Metro Manila,404.375,0.057063,COMPLETED
IOS,2013-09-24 8:36:49,14.5974,121.02243,14.57825,121.05752,Metro Manila,203.125,1.6725,COMPLETED
ADR,2013-09-24 23:19:04,14.652117,121.068297,14.642479000000002,121.039349,Metro Manila,264.375,1.64267,CANCELLED
ADR,2013-09-09 8:51:19,14.632334,121.06008100000001,14.627760999999998,121.034516,Metro Manila,181.25,2.10127,COMPLETED
IOS,2013-10-05 17:11:04,14.578339999999999,121.03293000000001,14.589839999999999,121.06055,Metro Manila,220.625,0.76908,COMPLETED
IOS,2013-10-01 16:16:15,14.589620000000002,121.06795,14.581470000000001,121.06437,Metro Manila,168.125,3.14623,COMPLETED
ADR,2013-09-10 11:55:09,14.588853,120.9967,14.560801999999999,121.01641299999999,Metro Manila,220.625,1.66257,COMPLETED
IOS,2013-10-07 17:32:46,14.589479999999998,121.06376999999999,14.623879999999998,121.06175,Metro Manila,211.875,1.83117,CANCELLED
IOS,2013-09-10 7:08:37,14.572000000000001,121.03078000000001,14.558079999999999,121.02225,Metro Manila,176.875,1.7078900000000001,COMPLETED
IOS,2013-09-06 18:12:04,14.6135,121.03399999999999,14.63454,121.03568999999999,Metro Manila,172.5,1.20775,COMPLETED
IOS,2013-10-04 16:16:42,14.61326,121.06033000000001,14.651810000000001,120.96583999999999,Metro Manila,347.5,0.626356,COMPLETED
ADR,2013-09-15 13:49:13,14.672876,121.05941899999999,14.681922,121.04211000000001,Metro Manila,181.25,2.10017,COMPLETED
IOS,2013-09-04 16:11:30,14.56195,120.99358000000001,14.5301,121.05384,Metro Manila,334.375,0.8067380000000001,COMPLETED
ADR,2013-10-27 15:39:15,14.593057,121.038674,14.519561999999999,121.013791,Metro Manila,325.625,1.67347,COMPLETED
IOS,2013-09-09 10:24:59,14.55251,120.99497,14.582020000000002,120.98288000000001,Metro Manila,229.375,1.86801,COMPLETED
IOS,2013-09-17 8:15:36,14.5322,121.0208,14.55282,121.02107,Metro Manila,198.75,3.09321,COMPLETED
ADR,2013-11-30 10:39:12,14.572161999999999,121.029725,14.640625,121.07650500000001,Metro Manila,321.25,0.303037,COMPLETED
IOS,2013-09-16 7:26:36,14.606589999999999,120.99333,14.55574,121.02238999999999,Metro Manila,264.375,0.69063,COMPLETED
ADR,2013-09-18 22:13:56,14.616125,121.039244,14.637492000000002,121.00089799999999,Metro Manila,238.125,0.995822,COMPLETED
IOS,2013-09-28 18:23:07,14.6159,121.09513000000001,14.62045,121.05322,Metro Manila,255.625,1.7849,COMPLETED
VNU,2013-12-10 15:30:43,14.549732,121.02677,14.554729,121.024445,Metro Manila,150.625,0.0690563,COMPLETED
IOS,2013-09-05 8:14:17,14.587520000000001,121.089,14.58725,121.06476,Metro Manila,207.5,1.0245600000000001,COMPLETED
IOS,2013-10-18 15:13:59,14.57838,120.988,14.55056,121.01507,Metro Manila,220.625,0.168549,COMPLETED
IOS,2013-10-02 20:46:53,14.540999999999999,121.02799999999999,14.583879999999999,121.05693000000001,Metro Manila,233.75,1.97373,COMPLETED
ADR,2013-09-03 23:10:14,14.550645999999999,121.026614,14.606622,120.97958,Metro Manila,316.875,0.0318716,CANCELLED
ADR,2013-09-27 23:14:06,14.577805,121.062899,14.561157999999999,121.022669,Metro Manila,238.125,1.7454900000000002,COMPLETED
ADR,2013-09-16 23:49:20,14.586454000000002,121.04887099999999,14.621172,121.06294399999999,Metro Manila,238.125,0.40177199999999996,COMPLETED
VNU,2013-11-22 20:57:38,14.549732,121.02677,14.537751,121.001379,Metro Manila,185.625,1.42012,COMPLETED
ADR,2013-09-03 21:57:29,14.540922,121.01864199999999,14.654422,121.034945,Metro Manila,369.375,1.88936,COMPLETED
IOS,2013-12-24 17:07:34,14.6535,121.03348999999999,14.63848,121.07348,Metro Manila,242.5,0.22015,COMPLETED
ADR,2013-09-24 15:07:28,14.554716,121.01445700000001,14.426363,121.00923300000001,Metro Manila,443.75,0.43311000000000005,COMPLETED
ADR,2013-09-05 9:37:34,14.576061,121.05051599999999,14.556417999999999,121.017758,Metro Manila,238.125,0.57685,COMPLETED
IOS,2013-12-19 9:54:04,14.589720000000002,121.06154,14.583979999999999,121.06323,Metro Manila,150.625,0.354453,CANCELLED
ADR,2013-09-01 6:12:21,14.688088,121.04856000000001,14.610045999999999,120.98915600000001,Metro Manila,338.75,0.9760790000000001,COMPLETED
IOS,2013-10-04 17:12:02,14.55321,121.05063,14.580689999999999,121.05537,Metro Manila,225.0,2.40892,COMPLETED
IOS,2013-10-24 7:34:38,14.54251,121.04706000000002,14.55001,121.04597,Metro Manila,155.0,1.34056,CANCELLED
IOS,2013-12-28 21:35:09,14.572970000000002,121.07715,14.54894,121.04692,Metro Manila,203.125,0.804426,COMPLETED
ADR,2013-09-05 8:23:22,14.6025,121.02666699999999,14.552473,121.018728,Metro Manila,246.875,2.6791099999999997,COMPLETED
ADR,2013-09-28 4:33:21,14.554928,121.04427700000001,14.558791000000001,121.00328600000002,Metro Manila,229.375,1.8103200000000002,CANCELLED
IOS,2013-09-17 7:19:01,14.574570000000001,121.00453999999999,14.571720000000001,121.04983999999999,Metro Manila,295.0,0.975929,COMPLETED
IOS,2013-09-16 4:37:54,14.5625,121.03066000000001,14.587470000000001,121.06115,Metro Manila,225.0,3.9624599999999996,COMPLETED
ADR,2013-09-23 7:20:51,14.625231,121.05021399999998,14.554073,121.048377,Metro Manila,290.625,0.48330200000000006,CANCELLED
IOS,2013-10-05 19:05:22,14.665120000000002,121.08081000000001,14.551839999999999,121.02193999999999,Metro Manila,395.625,1.42963,CANCELLED
IOS,2013-09-03 6:06:41,14.670020000000001,121.04605,14.555420000000002,121.01563,Metro Manila,404.375,1.30728,COMPLETED
ADR,2013-09-10 22:17:45,14.5867,121.05977,14.549547,121.056075,Metro Manila,229.375,0.554729,COMPLETED
VNU,2013-11-05 18:35:06,14.549732,121.02677,14.554729,121.024445,Metro Manila,150.625,0.332815,COMPLETED
IOS,2013-09-27 7:13:22,14.63821,121.12268999999999,14.5509,121.05358000000001,Metro Manila,316.875,4.22748,COMPLETED
VNU,2013-10-25 14:04:00,14.549732,121.02677,14.554729,121.024445,Metro Manila,155.0,0.646215,COMPLETED
IOS,2013-12-06 22:42:31,14.545860000000001,121.05375,14.52875,121.05791,Metro Manila,168.125,1.2140799999999998,CANCELLED
ADR,2013-09-03 23:03:49,14.583865,121.057123,14.681536999999999,121.079228,Metro Manila,360.625,2.41149,COMPLETED
IOS,2013-08-28 9:23:51,14.5608,121.01641000000001,14.649410000000001,121.10108000000001,Metro Manila,386.875,0.9914139999999999,COMPLETED
ADR,2013-09-27 7:06:25,14.557645,121.010783,14.545862,121.05375500000001,Metro Manila,211.875,0.632192,COMPLETED
IOS,2013-09-29 13:24:17,14.598820000000002,121.09775,14.55287,121.0517,Metro Manila,268.75,0.705635,COMPLETED
ADR,2013-09-23 9:35:56,14.572161999999999,121.029725,14.579559,121.045382,Metro Manila,168.125,1.23462,COMPLETED
IOS,2013-10-08 12:05:32,14.616729999999999,121.02722,14.601970000000001,121.04966999999999,Metro Manila,194.375,0.8251930000000001,COMPLETED
IOS,2013-08-30 11:31:58,14.56785,121.02311,14.881479999999998,120.86712,Metro Manila,811.25,0.087465,COMPLETED
ADR,2013-09-20 21:31:54,14.561372,121.02852299999999,14.551694,121.021796,Metro Manila,159.375,0.11476300000000002,COMPLETED
ADR,2013-09-30 10:09:03,14.582951999999999,121.105695,14.535058,120.98213200000001,Metro Manila,347.5,3.3874400000000002,COMPLETED
ADR,2013-09-27 22:21:38,14.580619,121.05526,14.553167000000002,121.025722,Metro Manila,220.625,0.17798,COMPLETED
ADR,2013-10-01 21:04:25,14.621725,121.080359,14.556656,121.024395,Metro Manila,321.25,1.71827,CANCELLED
ADR,2013-09-15 16:28:10,14.50981,121.010752,14.787072,120.882397,Metro Manila,701.875,1.88273,COMPLETED
IOS,2013-12-19 9:00:26,14.5721,121.07106999999999,14.55809,121.01736000000001,Metro Manila,260.0,2.16908,COMPLETED
IOS,2013-09-25 0:49:24,14.5508,120.98705,14.56071,121.01748,Metro Manila,190.0,3.16837,COMPLETED
IOS,2013-09-19 7:25:44,14.55589,121.0052,14.60254,120.98687,Metro Manila,220.625,1.29826,CANCELLED
ADR,2013-09-13 19:38:49,14.558117000000001,121.016979,14.436506,120.960384,Metro Manila,408.75,0.971561,COMPLETED
IOS,2013-08-31 15:28:11,14.546439999999999,121.0619,14.583210000000001,121.0568,Metro Manila,238.125,0.419137,CANCELLED
ADR,2013-10-02 7:48:23,14.575073999999999,121.044081,14.557645,121.018771,Metro Manila,216.25,2.52691,CANCELLED
VNU,2013-12-09 21:38:05,14.549732,121.02677,14.554729,121.024445,Metro Manila,150.625,0.21178000000000002,COMPLETED
ADR,2013-10-02 23:50:41,14.59591,121.058677,14.586257000000002,121.044265,Metro Manila,190.0,1.19535,CANCELLED
IOS,2013-10-02 22:31:12,14.648179999999998,121.02763999999999,14.585529999999999,121.03781000000001,Metro Manila,343.125,1.3007799999999998,COMPLETED
IOS,2013-12-26 9:24:25,14.571879999999998,121.00278999999999,14.523129999999998,121.00093000000001,Metro Manila,295.0,1.0373,COMPLETED
ADR,2013-09-13 0:10:54,14.634979999999999,121.06499,14.676041,121.0437,Metro Manila,268.75,2.6713,CANCELLED
IOS,2013-10-04 7:45:54,14.57836,121.04758000000001,14.556329999999999,121.02123999999999,Metro Manila,220.625,1.85412,COMPLETED
ADR,2013-09-25 19:56:00,14.549732,121.02677,14.45,120.95,Metro Manila,382.5,0.6357109999999999,COMPLETED
IOS,2013-10-03 19:20:24,14.55456,121.02388,14.54955,121.05608000000001,Metro Manila,229.375,2.0329900000000003,COMPLETED
IOS,2013-10-07 7:57:17,14.547889999999999,121.02133,14.567089999999999,121.01342,Metro Manila,172.5,1.62575,COMPLETED
IOS,2013-09-19 7:43:53,14.669479999999998,121.10835,14.56921,121.06016000000001,Metro Manila,316.875,0.637416,COMPLETED
IOS,2013-10-06 21:24:22,14.59925,121.10824,14.63821,121.12268999999999,Metro Manila,242.5,3.25674,CANCELLED
IOS,2013-10-01 17:04:23,14.648610000000001,121.07167,14.66565,121.08223999999998,Metro Manila,190.0,3.2945,CANCELLED
ADR,2013-09-07 19:31:18,14.576274,121.07005600000001,14.585811999999999,121.060171,Metro Manila,176.875,1.52867,COMPLETED
IOS,2013-11-22 20:16:26,14.55809,121.01736000000001,14.56529,121.02807,Metro Manila,181.25,0.8973709999999999,COMPLETED
IOS,2013-09-24 12:31:04,14.61605,121.05326000000001,14.5867,121.06216,Metro Manila,190.0,0.31255900000000003,COMPLETED
ADR,2013-10-07 18:09:39,14.560801999999999,121.01641299999999,14.629133,121.066349,Metro Manila,325.625,1.41669,CANCELLED
IOS,2013-11-28 0:09:28,14.5282,121.0421,14.65749,121.05611999999999,Metro Manila,443.75,1.12747,COMPLETED
IOS,2013-09-29 4:53:28,14.60886,121.08001000000002,14.46812,120.98096000000001,Metro Manila,491.875,2.27394,COMPLETED
IOS,2013-09-24 9:47:23,14.610029999999998,121.09177,14.60769,121.0786,Metro Manila,176.875,1.1413799999999998,COMPLETED
IOS,2013-09-28 18:24:37,14.55132,121.02541000000001,14.56623,121.01024,Metro Manila,233.75,0.485066,COMPLETED
VNU,2013-11-25 20:50:13,14.549732,121.02677,14.553065,121.024445,Metro Manila,155.0,0.33231,COMPLETED
VNU,2013-10-23 14:14:08,14.549732,121.02677,14.537751,121.001379,Metro Manila,185.625,0.668469,CANCELLED
IOS,2013-11-04 8:22:04,14.5761,121.03046,14.55851,121.01916000000001,Metro Manila,190.0,0.7085140000000001,CANCELLED
IOS,2013-10-24 9:38:13,14.54309,121.01326999999999,14.55921,121.0176,Metro Manila,211.875,0.21461999999999998,COMPLETED
IOS,2013-10-10 8:43:47,14.57216,121.02972,14.57956,121.04538000000001,Metro Manila,172.5,1.86047,COMPLETED
ADR,2013-10-12 0:00:02,14.582395000000002,121.062987,14.625309,120.969724,Metro Manila,435.0,0.5637220000000001,COMPLETED
ADR,2013-09-26 5:26:15,14.555015,121.01742800000001,14.50549,121.004878,Metro Manila,277.5,0.54084,COMPLETED
IOS,2013-09-29 18:33:01,14.61104,120.9802,14.608329999999999,120.99101999999999,Metro Manila,168.125,2.21018,CANCELLED
IOS,2013-09-05 11:38:51,14.64275,121.05762,14.552610000000001,121.02542,Metro Manila,343.125,1.06667,COMPLETED
IOS,2013-12-20 20:16:34,14.53635,120.98495,14.4903,121.02108,Metro Manila,233.75,0.584112,COMPLETED
IOS,2013-09-20 19:02:31,14.49346,121.04292,14.54999,121.04818,Metro Manila,273.125,1.1748399999999999,COMPLETED
ADR,2013-10-01 18:54:35,14.465720999999998,121.043702,14.552889000000002,121.04708899999999,Metro Manila,338.75,3.8083099999999996,CANCELLED
ADR,2013-09-05 5:28:22,14.534745999999998,121.03816299999998,14.627460000000001,121.038527,Metro Manila,386.875,1.94818,COMPLETED
IOS,2013-09-18 8:36:10,14.48802,121.04442,14.558570000000001,121.02568000000001,Metro Manila,281.875,1.53968,COMPLETED
ADR,2013-09-15 12:20:47,14.587596,121.06023200000001,14.572133,121.015579,Metro Manila,260.0,1.2422799999999998,CANCELLED
ADR,2013-08-29 17:52:33,14.558159,121.018272,14.554672,121.050665,Metro Manila,190.0,0.248744,COMPLETED
IOS,2013-09-17 18:18:56,14.57954,120.98491999999999,14.60895,120.99305,Metro Manila,203.125,3.23484,COMPLETED
IOS,2013-09-21 7:46:33,14.642829999999998,121.05113,14.574010000000001,121.04778999999999,Metro Manila,268.75,0.259912,COMPLETED
ADR,2013-12-17 17:24:11,14.549529000000001,121.063558,14.549287,121.04624,Metro Manila,168.125,0.773175,COMPLETED
IOS,2013-10-21 16:29:26,14.56008,121.02083999999999,14.643070000000002,121.03768000000001,Metro Manila,343.125,1.26787,COMPLETED
IOS,2013-09-11 19:38:29,14.61811,121.05628999999999,14.61459,121.06172,Metro Manila,155.0,0.6297050000000001,CANCELLED
ADR,2013-09-27 12:10:15,14.551283999999999,121.016912,14.557589000000002,121.02299599999999,Metro Manila,155.0,0.25567399999999996,CANCELLED
ADR,2013-10-02 7:59:16,14.543135000000001,121.011761,14.560051000000001,121.02048400000001,Metro Manila,172.5,1.5123799999999998,COMPLETED
IOS,2013-10-04 22:32:39,14.56308,121.01476000000001,14.625539999999999,121.04836999999999,Metro Manila,321.25,0.422137,CANCELLED
IOS,2013-10-08 8:16:05,14.570870000000001,121.00431999999999,14.563629999999998,121.02878,Metro Manila,190.0,1.3596,COMPLETED
ADR,2013-09-17 3:48:30,14.573020000000001,121.077087,14.519546,121.013797,Metro Manila,334.375,1.8725,COMPLETED
ADR,2013-08-30 22:41:58,14.55778,121.09713300000001,14.59549,121.080008,Metro Manila,229.375,2.97858,COMPLETED
IOS,2013-09-30 23:52:13,14.52454,121.04382,14.63759,121.01255,Metro Manila,413.125,0.193769,COMPLETED
ADR,2013-10-01 10:00:29,14.580188,121.03282,14.553583999999999,121.04811399999998,Metro Manila,190.0,2.89357,CANCELLED
IOS,2013-11-15 21:39:46,14.551839999999999,121.02193999999999,14.48068,121.03048999999999,Metro Manila,255.625,0.41275,COMPLETED
IOS,2013-08-29 11:13:37,14.6519,121.01796999999999,14.605570000000002,120.99321,Metro Manila,233.75,1.78548,CANCELLED
IOS,2013-09-05 18:04:39,14.582020000000002,120.98288000000001,14.558620000000001,121.00598000000001,Metro Manila,203.125,0.946427,COMPLETED
IOS,2013-12-13 19:25:06,14.56189,121.0113,14.56506,121.0362,Metro Manila,181.25,0.918325,COMPLETED
IOS,2013-09-04 14:20:09,14.565470000000001,121.0164,14.55,121.03333,Metro Manila,190.0,1.32104,COMPLETED
IOS,2013-09-30 17:16:45,14.554670000000002,121.05066000000001,14.557129999999999,121.01057,Metro Manila,238.125,1.47831,COMPLETED
ADR,2013-10-23 5:30:59,14.559804000000002,121.00095,14.564337,120.99645,Metro Manila,155.0,1.7326,COMPLETED
IOS,2013-10-11 20:13:58,14.55378,121.04581999999999,14.556479999999999,121.02228999999998,Metro Manila,198.75,0.41258599999999995,CANCELLED
IOS,2013-10-29 22:50:39,14.5907,121.06098999999999,14.577329999999998,121.05956,Metro Manila,172.5,0.5116930000000001,CANCELLED
IOS,2013-10-01 11:01:09,14.570179999999999,121.02593999999999,14.52447,121.00108,Metro Manila,277.5,0.994683,COMPLETED
ADR,2013-11-20 8:59:36,14.677404999999998,121.01401200000001,14.644129999999999,121.048379,Metro Manila,255.625,1.28825,CANCELLED
IOS,2013-12-18 8:42:08,14.649220000000001,121.07907,14.646279999999999,121.05093000000001,Metro Manila,198.75,0.199974,COMPLETED
VNU,2013-10-12 18:33:13,14.549732,121.02677,14.479308999999999,121.01982199999999,Metro Manila,316.875,0.15671400000000002,COMPLETED
ADR,2013-09-12 7:19:04,14.630018,121.037631,14.527455999999999,121.00618899999999,Metro Manila,369.375,3.29586,COMPLETED
IOS,2013-10-02 18:23:43,14.554079999999999,121.04588000000001,14.557229999999999,121.02175,Metro Manila,190.0,0.225694,COMPLETED
VNU,2013-12-10 19:01:43,14.549732,121.02677,14.479308999999999,121.01982199999999,Metro Manila,255.625,1.4772299999999998,COMPLETED
IOS,2013-09-17 18:05:21,14.55396,121.04448000000001,14.562289999999999,121.03078000000001,Metro Manila,190.0,1.35152,COMPLETED
ADR,2013-10-01 11:27:40,14.574889,121.121275,14.58296,121.05745900000001,Metro Manila,242.5,1.88642,COMPLETED
IOS,2013-09-27 17:32:34,14.55305,121.01968000000001,14.5633,121.0354,Metro Manila,198.75,0.208306,COMPLETED
IOS,2013-12-17 9:58:43,14.61669,121.03917,14.6932,121.09346000000001,Metro Manila,338.75,0.921724,COMPLETED
IOS,2013-09-26 18:55:40,14.549710000000001,121.05083,14.62045,121.05322,Metro Manila,281.875,0.647238,CANCELLED
VNU,2013-10-31 19:16:29,14.549732,121.02677,14.537751,121.001379,Metro Manila,185.625,0.21527600000000002,COMPLETED
ADR,2013-09-25 8:32:37,14.542045000000002,121.055547,14.550929,121.05098600000001,Metro Manila,163.75,0.657404,COMPLETED
IOS,2013-09-03 5:13:03,14.60837,121.07075,14.509689999999999,121.0128,Metro Manila,386.875,1.16276,COMPLETED
ADR,2013-10-01 8:38:14,14.608435,121.026225,14.551314999999999,121.02541200000002,Metro Manila,233.75,0.405668,CANCELLED
ADR,2013-09-24 7:02:18,14.488648999999999,121.04078600000001,14.582435999999998,120.98551100000002,Metro Manila,316.875,0.569904,CANCELLED
IOS,2013-09-27 20:48:25,14.58116,121.05505,14.62835,121.0547,Metro Manila,238.125,0.350984,COMPLETED
IOS,2013-10-05 1:11:41,14.517579999999999,121.05735,14.57216,121.02972,Metro Manila,316.875,2.96774,COMPLETED
IOS,2013-11-21 18:46:34,14.586429999999998,121.06136000000001,14.607829999999998,121.08025,Metro Manila,185.625,1.0096399999999999,COMPLETED
ADR,2013-10-14 10:41:59,14.586257000000002,121.044265,14.596252,121.058958,Metro Manila,238.125,0.928889,COMPLETED
ADR,2013-09-24 8:53:40,14.570398999999998,121.02351499999999,14.554169,121.023597,Metro Manila,190.0,1.1093600000000001,COMPLETED
IOS,2013-09-24 11:25:15,14.587520000000001,121.08152,14.55481,121.04763,Metro Manila,233.75,0.7509239999999999,COMPLETED
ADR,2013-09-28 13:43:10,14.488648999999999,121.04078600000001,14.486973,121.043361,Metro Manila,146.25,1.27265,COMPLETED
VNU,2013-10-20 16:28:17,14.549732,121.02677,14.479308999999999,121.01982199999999,Metro Manila,316.875,0.30091999999999997,CANCELLED
ADR,2013-09-12 23:19:57,14.5529,121.022,14.567089000000001,121.013423,Metro Manila,176.875,1.08035,COMPLETED
IOS,2013-09-24 9:00:24,14.63485,121.05196000000001,14.56,121.03152,Metro Manila,312.5,0.742405,COMPLETED
IOS,2013-09-01 18:11:25,14.579310000000001,121.04728999999999,14.57022,121.02186999999999,Metro Manila,207.5,1.88578,CANCELLED
IOS,2013-09-19 9:58:46,14.66796,121.0736,14.521820000000002,121.01302,Metro Manila,465.625,2.74837,COMPLETED
VNU,2013-11-06 12:38:43,14.549732,121.02677,14.554729,121.024445,Metro Manila,150.625,0.47452799999999995,COMPLETED
VNU,2013-10-14 19:42:03,14.549732,121.02677,14.517617999999999,121.05086399999999,Metro Manila,242.5,0.39969299999999996,COMPLETED
IOS,2013-12-13 20:20:41,14.59024,120.98305,14.552610000000001,121.02542,Metro Manila,260.0,0.813389,COMPLETED
IOS,2013-09-20 18:50:56,14.58714,121.06369,14.56947,121.10981000000001,Metro Manila,251.25,1.68353,COMPLETED
IOS,2013-11-18 8:41:27,14.5761,121.03046,14.55851,121.01916000000001,Metro Manila,190.0,1.66895,CANCELLED
IOS,2013-11-25 16:06:08,14.553239999999999,121.04643999999999,14.63134,121.05221999999999,Metro Manila,303.75,0.323552,COMPLETED
ADR,2013-11-22 10:43:40,14.639479000000001,121.061493,14.557872,121.018431,Metro Manila,369.375,1.80247,COMPLETED
VNU,2013-12-18 14:27:10,14.549732,121.02677,14.554729,121.024445,Metro Manila,150.625,1.30215,COMPLETED
IOS,2013-12-11 22:34:13,14.55535,121.01982,14.46539,121.01863,Metro Manila,378.125,1.48517,COMPLETED
VNU,2013-11-16 17:36:24,14.549732,121.02677,14.549547,121.056075,Metro Manila,203.125,0.0587888,COMPLETED
VNU,2013-12-01 19:11:18,14.549732,121.02677,14.554729,121.024445,Metro Manila,150.625,0.352421,COMPLETED
VNU,2013-12-22 19:55:25,14.549732,121.02677,14.479308999999999,121.01982199999999,Metro Manila,255.625,0.0337978,COMPLETED
IOS,2013-12-05 9:51:59,14.492170000000002,121.04258999999999,14.583879999999999,121.05693000000001,Metro Manila,290.625,0.46062,COMPLETED
VNU,2013-12-13 22:00:10,14.549732,121.02677,14.599511999999999,120.984219,Metro Manila,242.5,1.4912,COMPLETED
